modelName,modelOrder,modelStatus,mae,rmse,aic,bic,baselineMae,baselineRmse
ARIMA,"(2, 0, 1)",ok,0.01670970083480232,0.02692974069188854,-6592.872065066556,-6568.170952720958,0.016694055998504553,0.02712466615937121
