regime,count,avgForwardVol20d,medianForwardVol20d,avgForwardDrawdown20d,worstForwardDrawdown20d
Calm Expansion,514,0.07755020275142452,0.0752764731067343,-0.017423130696254747,-0.04792277968195224
Rotation / Transition,501,0.18986934237591646,0.15538387776248777,-0.061024699368522256,-0.30880796638202324
Stress Contagion,250,0.44047471190010434,0.4384940546626134,-0.13533729631844194,-0.30722935211626623
