regime,count,pctOfSample,avgStressScore,avgRealizedVol20d,avgCorr20d,avgBreadth
Calm Expansion,514,40.0,-0.9313179590032787,0.07645349959066378,0.14465792169725364,0.6313229571984436
Rotation / Transition,501,38.98832684824903,0.17805899771493353,0.17858873346011156,0.3664428487985717,0.5409181636726547
Stress Contagion,270,21.011673151750973,1.493711369814472,0.4589908467612375,0.8230454968505602,0.14074074074074075
