stressEntryCount,preEntryRiseRatePct,avgPre5StressScore,avgPrior5StressScore
14,35.714285714285715,0.8787801196662332,1.0714733115865378
